date,indeks,price (EUR/t_CO2),volume (t)
29.01.2021,t3pa,33.51,2651000
0.066446759,t3pa,32.66,3288500
0.108113426,t3pa,33.2,3288500
0.149780093,t3pa,38,2575000
0.191446759,t3pa,36.51,3288500
0.233113426,t3pa,37.61,2651000
0.358113426,t3pa,38.62,3288500
0.399780093,t3pa,37.58,3288500
0.441446759,t3pa,37.7,2575000
0.483113426,t3pa,39.62,3288500
0.524780093,t3pa,37.8,2651000
0.649780093,t3pa,39.82,3288500
0.691446759,t3pa,40.19,3288500
0.733113426,t3pa,38.42,2575000
0.774780093,t3pa,38.01,3288500
0.816446759,t3pa,38.36,2651000
0.941446759,t3pa,36.84,3288500
0.983113426,t3pa,37.5,3288500
24.02.2021,t3pa,38.42,2575000
25.02.2021,t3pa,38.88,3288500
26.02.2021,t3pa,37.51,2651000
0.067141204,t3pa,37.66,3288500
0.10880787,t3pa,37.25,3288500
0.150474537,t3pa,37.56,2575000
0.192141204,t3pa,36.9,3288500
0.23380787,t3pa,38.08,2651000
0.35880787,t3pa,38.41,3288500
0.400474537,t3pa,39.4,3288500
0.442141204,t3pa,41,2575000
0.48380787,t3pa,40.92,3288500
0.525474537,t3pa,41.52,2651000
0.650474537,t3pa,42.84,3288500
0.692141204,t3pa,41.92,3288500
0.73380787,t3pa,41.52,2575000
0.775474537,t3pa,43.35,3288500
0.817141204,t3pa,41.91,2651000
0.942141204,t3pa,41.8,3288500
0.98380787,t3pa,41.77,3288500
24.03.2021,t3pa,40.94,2575000
25.03.2021,t3pa,40.69,3290000
26.03.2021,t3pa,40.86,2651000
29.03.2021,t3pa,40.71,3288500
30.03.2021,t3pa,42.25,3288500
31.03.2021,t3pa,42.26,2575000
0.067835648,t3pa,42.04,3288500
0.276168981,t3pa,43.05,3288500
0.317835648,t3pa,43.63,2575000
0.359502315,t3pa,43.45,3288500
0.401168981,t3pa,43.18,2651000
0.526168981,t3pa,43.86,3288500
0.567835648,t3pa,44.1,3288500
0.609502315,t3pa,43.9,2575000
0.651168981,t3pa,43.99,3288500
0.692835648,t3pa,44.5,2651000
0.817835648,t3pa,44.66,3288500
0.859502315,t3pa,44.2,3288500
0.901168981,t3pa,44.85,2575000
0.942835648,t3pa,46.6,3288500
0.984502315,t3pa,46.41,2651000
26.04.2021,t3pa,47.24,3288500
27.04.2021,t3pa,46.55,3288500
28.04.2021,t3pa,48,2575000
29.04.2021,t3pa,47.25,3288500
30.04.2021,t3pa,47.68,2651000
0.193530093,t3pa,49.33,3288500
0.235196759,t3pa,48.62,2575000
0.276863426,t3pa,49.45,3288500
0.318530093,t3pa,49.46,2651000
0.443530093,t3pa,51.81,3288500
0.485196759,t3pa,51.59,3288500
0.526863426,t3pa,53.95,2575000
0.735196759,t3pa,55.57,3288500
0.776863426,t3pa,55.53,3288500
0.818530093,t3pa,52.12,2575000
0.860196759,t3pa,50.84,3288500
0.901863426,t3pa,52.71,2651000
25.05.2021,t3pa,53.09,3288500
26.05.2021,t3pa,54.07,2575000
27.05.2021,t3pa,52.11,3288500
28.05.2021,t3pa,51.08,2651000
0.069224537,t3pa,52.58,3288500
0.110891204,t3pa,51.5,2575000
0.15255787,t3pa,51.9,3288500
0.194224537,t3pa,49.55,2651000
0.319224537,t3pa,48.56,3288500
0.360891204,t3pa,52.03,3288500
0.40255787,t3pa,53.7,2575000
0.444224537,t3pa,53.3,3288500
0.485891204,t3pa,53.12,2651000
0.610891204,t3pa,53.6,3288500
0.65255787,t3pa,51.18,3288500
0.694224537,t3pa,50.83,2575000
0.735891204,t3pa,50.84,3288500
0.77755787,t3pa,51.51,2651000
0.90255787,t3pa,52.09,3288500
0.944224537,t3pa,52.97,3288500
0.985891204,t3pa,53.62,2575000
24.06.2021,t3pa,54.85,3288500
25.06.2021,t3pa,55.69,2651000
28.06.2021,t3pa,55.06,3288500
29.06.2021,t3pa,55.39,3290000
30.06.2021,t3pa,55.57,2575000
0.069918981,t3pa,58.01,3288500
0.111585648,t3pa,57.11,2651000
0.236585648,t3pa,57.91,3288500
0.278252315,t3pa,57.15,3288500
0.319918981,t3pa,53.98,2575000
0.361585648,t3pa,51.09,3288500
0.403252315,t3pa,53.85,2651000
0.528252315,t3pa,52.5,3288500
0.569918981,t3pa,52.44,3288500
0.611585648,t3pa,52,2575000
0.653252315,t3pa,52.28,3288500
0.694918981,t3pa,53.33,2651000
0.819918981,t3pa,53.55,3288500
0.861585648,t3pa,51.74,3288500
0.903252315,t3pa,51.7,2575000
0.944918981,t3pa,51.44,3288500
0.986585648,t3pa,50.13,2651000
26.07.2021,t3pa,51.79,3288500
27.07.2021,t3pa,52.8,3288500
28.07.2021,t3pa,53.45,2575000
29.07.2021,t3pa,54.02,3288500
30.07.2021,t3pa,53,2651000
0.112280093,t3pa,54.6,1644500
0.153946759,t3pa,54.17,1644500
0.195613426,t3pa,55,1287500
0.237280093,t3pa,54.84,1644500
0.278946759,t3pa,56.72,1325500
0.403946759,t3pa,56,1644500
0.445613426,t3pa,57.1,1644500
0.487280093,t3pa,56.69,1287500
0.528946759,t3pa,57.36,1644500
0.570613426,t3pa,55.6,1325500
0.695613426,t3pa,57.18,1644500
0.737280093,t3pa,57.4,1644500
0.778946759,t3pa,57.7,1287500
0.820613426,t3pa,55.81,1644500
0.862280093,t3pa,54.4,1325500
0.987280093,t3pa,55.95,1644500
24.08.2021,t3pa,55.72,1644500
25.08.2021,t3pa,56.63,1300500
26.08.2021,t3pa,55.61,1644500
27.08.2021,t3pa,57.51,1328500
31.08.2021,t3pa,60.11,1759500
0.07130787,t3pa,61.29,2066500
0.154641204,t3pa,61.25,1805000
0.279641204,t3pa,62.87,2515500
0.32130787,t3pa,61.71,2515500
0.362974537,t3pa,61.93,2066500
0.404641204,t3pa,61.98,2515500
0.44630787,t3pa,61.85,1805000
0.57130787,t3pa,61.91,2515500
0.612974537,t3pa,61.51,2515500
0.654641204,t3pa,60.32,2066500
0.69630787,t3pa,59.89,2515500
0.737974537,t3pa,59.6,1805000
0.862974537,t3pa,58.56,2524000
0.904641204,t3pa,60.31,2515500
0.94630787,t3pa,60.02,2066500
0.987974537,t3pa,59.45,2515500
24.09.2021,t3pa,61.24,1805000
27.09.2021,t3pa,64,2515500
28.09.2021,t3pa,65,2515500
29.09.2021,t3pa,61.83,2066500
30.09.2021,t3pa,61.37,2515500
0.072002315,t3pa,62.04,1805000
0.197002315,t3pa,63.56,2515500
0.238668981,t3pa,63.66,2515500
0.280335648,t3pa,61.36,2066500
0.322002315,t3pa,58.99,2515500
0.363668981,t3pa,59.92,1805000
0.488668981,t3pa,59.33,2515500
0.530335648,t3pa,58.86,2515500
0.572002315,t3pa,59.63,2066500
0.613668981,t3pa,59.43,2515500
0.655335648,t3pa,61.01,1805000
0.780335648,t3pa,58.85,2515500
0.822002315,t3pa,57.58,2515500
0.863668981,t3pa,56,2066500
0.905335648,t3pa,57.1,2515500
0.947002315,t3pa,59.5,1805000
25.10.2021,t3pa,58.94,2515500
26.10.2021,t3pa,58.96,2515500
27.10.2021,t3pa,58.92,2066500
28.10.2021,t3pa,58.93,2515500
29.10.2021,t3pa,59.4,1805000
0.072696759,t3pa,59.98,2515500
0.114363426,t3pa,57.8,2515500
0.156030093,t3pa,59.78,2066500
0.197696759,t3pa,59.81,2515500
0.239363426,t3pa,61.05,1805000
0.364363426,t3pa,60.06,2515500
0.406030093,t3pa,60.11,2515500
0.447696759,t3pa,60.25,2066500
0.489363426,t3pa,62.31,2515500
0.531030093,t3pa,63.53,1805000
0.656030093,t3pa,64.4,2515500
0.697696759,t3pa,67.5,2515500
0.739363426,t3pa,67.14,2066500
0.781030093,t3pa,66.51,2515500
0.822696759,t3pa,69.21,1805000
0.947696759,t3pa,69.7,2515500
0.989363426,t3pa,69.88,2515500
24.11.2021,t3pa,69.51,2066500
25.11.2021,t3pa,72.15,2515500
26.11.2021,t3pa,71.95,1805000
29.11.2021,t3pa,74.48,2515500
30.11.2021,t3pa,74.82,2515500
0.073391204,t3pa,76.38,2066500
0.11505787,t3pa,77.1,2515500
0.156724537,t3pa,78.76,1805000
0.281724537,t3pa,80,2515500
0.323391204,t3pa,82.87,2515500
0.36505787,t3pa,87.45,2066500
0.406724537,t3pa,84.93,2515500
0.448391204,t3pa,79.83,1805000
0.573391204,t3pa,85,2515500
0.61505787,t3pa,79.99,2515500
0.656724537,t3pa,79.29,2074000
0.698391204,t3pa,80.5,2515500
0.74005787,t3pa,82.25,1807500
0.86505787,t3pa,74.57,2542500
0.440763889,t3pa,82.71,2449000
0.482430556,t3pa,81.9,2449000
0.565763889,t3pa,79.05,2449000
0.607430556,t3pa,81.52,1944000
0.732430556,t3pa,80.21,2449000
0.774097222,t3pa,79.22,2449000
0.815763889,t3pa,80.7,2658000
0.857430556,t3pa,80.8,2449000
0.899097222,t3pa,84.03,1944000
24.01.2022,t3pa,85.75,2449000
25.01.2022,t3pa,84.48,2449000
27.01.2022,t3pa,88.51,2449000
28.01.2022,t3pa,89.25,1944000
31.01.2022,t3pa,88.03,2449000
0.108125,t3pa,91.61,2658000
0.149791667,t3pa,92.65,3062000
0.191458333,t3pa,94.65,1944000
0.316458333,t3pa,93.5,3062000
0.358125,t3pa,97.51,3062000
0.441458333,t3pa,90.6,3059000
0.483125,t3pa,89.98,1944000
0.608125,t3pa,90.73,2449000
0.649791667,t3pa,90.35,2449000
0.691458333,t3pa,88.05,2658000
0.733125,t3pa,87.5,2449000
0.774791667,t3pa,87.65,1944000
0.899791667,t3pa,87.99,2449000
0.941458333,t3pa,88.4,2449000
0.983125,t3pa,92.8,1108500
24.02.2022,t3pa,88,2449000
25.02.2022,t3pa,86.9,1944000
28.02.2022,t3pa,80.92,2449000
0.067152778,t3pa,79.96,2449000
0.150486111,t3pa,63.87,2449000
0.192152778,t3pa,67.22,1944000
0.317152778,t3pa,57.91,2449000
0.358819444,t3pa,62.01,2449000
0.442152778,t3pa,70.04,2449000
0.483819444,t3pa,76.5,1944000
0.608819444,t3pa,78.6,2449000
0.650486111,t3pa,75.55,2449000
0.692152778,t3pa,75.25,3322500
0.733819444,t3pa,76.87,2449000
0.775486111,t3pa,79.21,1944000
0.900486111,t3pa,77.76,2506500
0.942152778,t3pa,79.05,2506500
24.03.2022,t3pa,76.15,2507500
25.03.2022,t3pa,78.5,1944000
28.03.2022,t3pa,80.76,2506500
29.03.2022,t3pa,80.51,2506500
30.03.2022,t3pa,77.22,3322500
31.03.2022,t3pa,79.25,2506500
0.067847222,t3pa,78,1944000
0.192847222,t3pa,77.5,2506500
0.234513889,t3pa,78.33,2506500
0.317847222,t3pa,77.13,2506500
0.359513889,t3pa,80.21,1944000
0.484513889,t3pa,79.02,2506500
0.526180556,t3pa,77.36,2506500
0.567847222,t3pa,77.27,3322500
0.609513889,t3pa,78.8,2506500
0.817847222,t3pa,79.4,2506500
0.901180556,t3pa,85.9,2506500
0.942847222,t3pa,87.4,1944000
25.04.2022,t3pa,85.81,2506500
26.04.2022,t3pa,83.43,2506500
27.04.2022,t3pa,79.99,3322500
28.04.2022,t3pa,80.55,2506500
29.04.2022,t3pa,82.86,1944000
0.110208333,t3pa,82.84,2506500
0.151875,t3pa,84.25,2506500
0.235208333,t3pa,87.8,2506500
0.276875,t3pa,90.77,1944000
0.401875,t3pa,90.11,2506500
0.443541667,t3pa,86.5,2506500
0.485208333,t3pa,89,2658000
0.526875,t3pa,86.95,2506500
0.568541667,t3pa,88.75,1944000
0.693541667,t3pa,88.81,2506500
0.735208333,t3pa,90.33,2506500
0.818541667,t3pa,82.28,2506500
0.860208333,t3pa,81.15,1944000
0.985208333,t3pa,78.96,2506500
24.05.2022,t3pa,78.88,2506500
25.05.2022,t3pa,80.43,2658000
30.05.2022,t3pa,83.75,2506500
31.05.2022,t3pa,83.63,2506500
0.319236111,t3pa,81.69,2295500
0.360902778,t3pa,79.11,2658000
0.402569444,t3pa,80.21,2295500
0.444236111,t3pa,80.73,1944000
0.569236111,t3pa,80.1,2295500
0.610902778,t3pa,82.31,2295500
0.694236111,t3pa,85.95,2295500
0.735902778,t3pa,83,1944000
0.860902778,t3pa,83.51,2295500
0.902569444,t3pa,84.26,2295500
0.944236111,t3pa,83.06,2658000
0.985902778,t3pa,81.07,2295500
24.06.2022,t3pa,82.9,1944000
27.06.2022,t3pa,83.01,2295500
28.06.2022,t3pa,84.54,2296500
30.06.2022,t3pa,88.02,2295500
0.069930556,t3pa,88.22,1944000
0.194930556,t3pa,84.34,2295500
0.236597222,t3pa,83.38,2295500
0.278263889,t3pa,82.63,2658000
0.319930556,t3pa,83.36,2295500
0.361597222,t3pa,82.63,1944000
0.486597222,t3pa,83.4,2295500
0.528263889,t3pa,83.89,2295500
0.611597222,t3pa,83,2295500
0.653263889,t3pa,83.71,1944000
0.778263889,t3pa,83.33,2295500
0.819930556,t3pa,83.61,2295500
0.861597222,t3pa,81.22,2658000
0.903263889,t3pa,77.6,2295500
0.944930556,t3pa,78.06,1944000
25.07.2022,t3pa,76.09,2295500
26.07.2022,t3pa,76.51,2295500
28.07.2022,t3pa,77.08,2295500
29.07.2022,t3pa,77.96,1944000
0.070625,t3pa,79.5,1146500
0.112291667,t3pa,80.51,1146500
0.153958333,t3pa,83.45,1329000
0.195625,t3pa,83.81,1146500
0.237291667,t3pa,84.5,972000
0.362291667,t3pa,84.6,1146500
0.403958333,t3pa,84.06,1146500
0.487291667,t3pa,86.35,1146500
0.528958333,t3pa,87.3,972000
0.653958333,t3pa,89.5,1146500
0.695625,t3pa,90.64,1146500
0.737291667,t3pa,94.07,1329000
0.778958333,t3pa,94,1146500
0.820625,t3pa,96.87,972000
0.945625,t3pa,97.5,1146500
0.987291667,t3pa,92.52,1146500
25.08.2022,t3pa,89.3,1146500
26.08.2022,t3pa,89.56,982000
29.08.2022,t3pa,88.81,1146500
30.08.2022,t3pa,85.13,1295500
31.08.2022,t3pa,78.96,1334500
0.071319444,t3pa,77.01,2510500
0.112986111,t3pa,78.41,1861500
0.237986111,t3pa,73.75,2510500
0.279652778,t3pa,71.05,2510500
0.404652778,t3pa,65.21,1861500
0.529652778,t3pa,65.96,2510500
0.571319444,t3pa,70.48,2510500
0.612986111,t3pa,68.29,3101500
0.654652778,t3pa,70.84,2510500
0.696319444,t3pa,71,1861500
0.821319444,t3pa,71.11,2510500
0.862986111,t3pa,70.38,2510500
0.904652778,t3pa,70.39,929000
0.946319444,t3pa,69.88,2511500
0.987986111,t3pa,67.56,1861500
26.09.2022,t3pa,66.02,2510500
27.09.2022,t3pa,67.7,2510500
28.09.2022,t3pa,64.71,3101500
29.09.2022,t3pa,64.7,2510500
30.09.2022,t3pa,66.87,1861500
0.155347222,t3pa,64.45,2510500
0.197013889,t3pa,66.17,2510500
0.280347222,t3pa,65.76,2510500
0.322013889,t3pa,67.52,1861500
0.447013889,t3pa,67.01,2510500
0.488680556,t3pa,66.34,2510500
0.530347222,t3pa,65.76,3101500
0.572013889,t3pa,66.65,2510500
0.613680556,t3pa,67.7,1861500
0.738680556,t3pa,66.25,2510500
0.780347222,t3pa,67.11,2510500
0.863680556,t3pa,67.01,2510500
0.905347222,t3pa,67.9,1861500
24.10.2022,t3pa,68.02,2510500
25.10.2022,t3pa,74.17,2510500
26.10.2022,t3pa,76.51,3101500
27.10.2022,t3pa,77.1,2510500
28.10.2022,t3pa,80.76,1861500
31.10.2022,t3pa,78.69,2510500
0.072708333,t3pa,78.76,2510500
0.156041667,t3pa,76.63,2510500
0.197708333,t3pa,78.14,1861500
0.322708333,t3pa,76.75,2510500
0.364375,t3pa,76.02,2510500
0.406041667,t3pa,75.35,3101500
0.447708333,t3pa,71.62,2510500
0.489375,t3pa,73.33,1861500
0.614375,t3pa,74.85,2510500
0.656041667,t3pa,74.93,2510500
0.739375,t3pa,73.31,2510500
0.781041667,t3pa,72.22,1861500
0.906041667,t3pa,73.36,2510500
0.947708333,t3pa,73.54,2510500
0.989375,t3pa,74.08,3101500
24.11.2022,t3pa,76.64,2510500
25.11.2022,t3pa,79.36,1861500
28.11.2022,t3pa,77.61,2510500
29.11.2022,t3pa,78.88,2510500
0.073402778,t3pa,86.11,2510500
0.115069444,t3pa,85.21,1861500
0.240069444,t3pa,85.69,2510500
0.281736111,t3pa,86.48,2510500
0.323402778,t3pa,87,3102500
0.365069444,t3pa,87.91,2510500
0.406736111,t3pa,88.26,1861500
0.531736111,t3pa,88.35,2510500
0.573402778,t3pa,89.01,2510500
0.656736111,t3pa,86.16,2510500
0.698402778,t3pa,83.41,1865500
0.823402778,t3pa,84.1,2568500
0.399108796,t3pa,75.27,2409000
0.440775463,t3pa,78.61,2409000
0.524108796,t3pa,76.8,2409000
0.565775463,t3pa,76.42,1939500
0.690775463,t3pa,75.05,2409000
0.73244213,t3pa,75.04,2409000
0.774108796,t3pa,76.25,2676000
0.815775463,t3pa,82.06,2409000
0.85744213,t3pa,81.01,1939500
0.98244213,t3pa,81.52,2409000
24.01.2023,t3pa,80.88,2409000
26.01.2023,t3pa,83.51,2409000
27.01.2023,t3pa,86.71,1939500
30.01.2023,t3pa,85.2,2409000
31.01.2023,t3pa,86.68,2409000
0.066469907,t3pa,91.91,2676000
0.108136574,t3pa,93.5,2409000
0.149803241,t3pa,91.15,1939500
0.274803241,t3pa,91.78,2409000
0.316469907,t3pa,87.52,2409000
0.399803241,t3pa,87.36,2409000
0.441469907,t3pa,89.7,1939500
0.566469907,t3pa,88.86,2409000
0.608136574,t3pa,89.96,2409000
0.649803241,t3pa,87.75,2676000
0.691469907,t3pa,92.85,2409000
0.733136574,t3pa,93.69,1939500
0.858136574,t3pa,93.73,2409000
0.899803241,t3pa,95.35,2409000
0.983136574,t3pa,93.26,2409000
24.02.2023,t3pa,95.83,1939500
27.02.2023,t3pa,95.12,2409000
28.02.2023,t3pa,96.33,2409000
0.067164352,t3pa,95.89,2676000
0.108831019,t3pa,93.25,2409000
0.150497685,t3pa,88.81,1939500
0.275497685,t3pa,91.01,2409000
0.317164352,t3pa,91.56,2409000
0.400497685,t3pa,95.43,2409000
0.442164352,t3pa,95.16,1939500
0.567164352,t3pa,94.36,2409000
0.608831019,t3pa,92.34,2409000
0.650497685,t3pa,90.31,2676000
0.692164352,t3pa,83.25,2409000
0.733831019,t3pa,86.5,1939500
0.858831019,t3pa,82.46,2409000
0.900497685,t3pa,87.14,2409000
0.983831019,t3pa,88.27,2410500
24.03.2023,t3pa,88.09,1939500
27.03.2023,t3pa,85.18,2409000
28.03.2023,t3pa,86.54,2409000
29.03.2023,t3pa,87.16,2676000
30.03.2023,t3pa,87.42,2409000
31.03.2023,t3pa,88.61,1939500
0.15119213,t3pa,89.82,2409000
0.192858796,t3pa,94.12,2409000
0.27619213,t3pa,94.3,2409000
0.484525463,t3pa,95.52,2409000
0.52619213,t3pa,93.9,2676000
0.567858796,t3pa,90.51,2409000
0.609525463,t3pa,92.3,1939500
0.734525463,t3pa,90.55,2409000
0.77619213,t3pa,90.55,2409000
0.859525463,t3pa,90.68,2409000
0.90119213,t3pa,88.6,1939500
24.04.2023,t3pa,85.7,2409000
25.04.2023,t3pa,84.73,2409000
26.04.2023,t3pa,83.31,2676000
27.04.2023,t3pa,85,2409000
28.04.2023,t3pa,84,1939500
0.110219907,t3pa,83.24,2409000
0.193553241,t3pa,82.23,2409000
0.235219907,t3pa,84.38,1939500
0.360219907,t3pa,82.99,2409000
0.401886574,t3pa,83.84,2409000
0.443553241,t3pa,85.85,2676000
0.485219907,t3pa,86.75,2409000
0.526886574,t3pa,86.67,1939500
0.651886574,t3pa,85.7,2409000
0.693553241,t3pa,85.05,2409000
0.943553241,t3pa,85.2,2409000
0.985219907,t3pa,84.32,2409000
24.05.2023,t3pa,83,2676000
25.05.2023,t3pa,81.12,2409000
26.05.2023,t3pa,81.11,1939500
30.05.2023,t3pa,79.79,2409000
0.069247685,t3pa,78.62,2409000
0.110914352,t3pa,78.2,1939500
0.235914352,t3pa,78.55,2409000
0.277581019,t3pa,80.07,2409000
0.319247685,t3pa,78.25,2676000
0.360914352,t3pa,81.54,2409000
0.402581019,t3pa,83.11,1939500
0.527581019,t3pa,83.45,2409000
0.569247685,t3pa,86.44,2409000
0.652581019,t3pa,91.67,2409000
0.694247685,t3pa,89.3,1939500
0.819247685,t3pa,90.16,2409000
0.860914352,t3pa,91.55,2409000
0.902581019,t3pa,90.35,2676000
0.944247685,t3pa,87.11,2409000
0.985914352,t3pa,88.9,1939500
26.06.2023,t3pa,86.01,2409000
27.06.2023,t3pa,85.35,2410000
29.06.2023,t3pa,86.6,2409000
30.06.2023,t3pa,85.31,1939500
0.153275463,t3pa,87.11,2658000
0.19494213,t3pa,85,2658000
0.236608796,t3pa,84.84,2676000
0.278275463,t3pa,84.18,2658000
0.31994213,t3pa,84.82,1939500
0.44494213,t3pa,85,2658000
0.486608796,t3pa,83.62,2658000
0.56994213,t3pa,84.25,2658000
0.611608796,t3pa,85.51,1939500
0.736608796,t3pa,84.72,2658000
0.778275463,t3pa,84.9,2658000
0.81994213,t3pa,86.03,2676000
0.861608796,t3pa,87.76,2658000
0.903275463,t3pa,89.36,1939500
24.07.2023,t3pa,90.3,2658000
25.07.2023,t3pa,90.25,2658000
27.07.2023,t3pa,88.02,2658000
28.07.2023,t3pa,87.33,1939500
31.07.2023,t3pa,86.65,2658000
0.070636574,t3pa,84.69,1329000
0.112303241,t3pa,81.88,1338000
0.153969907,t3pa,83.52,1329000
0.195636574,t3pa,83.33,970000
0.320636574,t3pa,82.28,1329000
0.362303241,t3pa,81.46,1329000
0.445636574,t3pa,82.24,1329000
0.487303241,t3pa,84.2,970000
0.612303241,t3pa,85.34,1329000
0.653969907,t3pa,86.71,1329000
0.695636574,t3pa,87.01,1338000
0.737303241,t3pa,86.84,1329000
0.778969907,t3pa,86.68,970000
0.903969907,t3pa,86,1329000
0.945636574,t3pa,87.86,1329000
24.08.2023,t3pa,85.51,1329000
25.08.2023,t3pa,85.5,976500
28.08.2023,t3pa,84.7,1329000
29.08.2023,t3pa,84.64,1329000
30.08.2023,t3pa,84.57,1344500
31.08.2023,t3pa,85.52,1581500
0.071331019,t3pa,84,2147000
0.196331019,t3pa,83.42,3035500
0.237997685,t3pa,83.41,3035500
0.362997685,t3pa,82.09,2147000
0.487997685,t3pa,80.98,3035500
0.529664352,t3pa,80.6,3035500
0.571331019,t3pa,80.5,3347500
0.612997685,t3pa,81.69,3035500
0.654664352,t3pa,82.33,2147000
0.779664352,t3pa,80.26,3035500
0.821331019,t3pa,79.5,3035500
0.904664352,t3pa,81.78,3036500
0.946331019,t3pa,84.03,2147000
25.09.2023,t3pa,83.92,3035500
26.09.2023,t3pa,82.44,3035500
27.09.2023,t3pa,81.37,3347500
28.09.2023,t3pa,81.9,3035500
29.09.2023,t3pa,81.65,2147000
0.11369213,t3pa,80.95,3035500
0.155358796,t3pa,79.17,3035500
0.197025463,t3pa,78.78,1000000
0.23869213,t3pa,80.5,3035500
0.280358796,t3pa,79.95,2147000
0.405358796,t3pa,80.43,3035500
0.447025463,t3pa,81.82,3035500
0.48869213,t3pa,82.68,3347500
0.530358796,t3pa,83.35,3035500
0.572025463,t3pa,84.61,2147000
0.697025463,t3pa,83.4,3035500
0.73869213,t3pa,81.69,3035500
0.822025463,t3pa,79.99,3035500
0.86369213,t3pa,81.19,2147000
0.98869213,t3pa,79.92,3035500
24.10.2023,t3pa,80.4,3035500
25.10.2023,t3pa,79.85,3347500
26.10.2023,t3pa,79.48,3035500
27.10.2023,t3pa,79.41,2147000
30.10.2023,t3pa,79.78,3035500
31.10.2023,t3pa,77.65,3035500
0.114386574,t3pa,77.88,3035500
0.156053241,t3pa,78.35,2147000
0.281053241,t3pa,76.02,3035500
0.322719907,t3pa,75.58,3035500
0.364386574,t3pa,74.56,3347500
0.406053241,t3pa,75.75,3035500
0.447719907,t3pa,76.46,2147000
0.572719907,t3pa,77.01,3035500
0.614386574,t3pa,76.62,3035500
0.697719907,t3pa,79,3035500
0.739386574,t3pa,76.55,2147000
0.864386574,t3pa,76.35,3035500
0.906053241,t3pa,75.69,3035500
0.947719907,t3pa,74.84,3347500
0.989386574,t3pa,74.5,3035500
24.11.2023,t3pa,75.9,2147000
27.11.2023,t3pa,74.57,3035500
28.11.2023,t3pa,71.71,3035500
30.11.2023,t3pa,70.79,3035500
0.073414352,t3pa,71.45,2147000
0.198414352,t3pa,71.34,3035500
0.240081019,t3pa,69.94,3035500
0.281747685,t3pa,68.71,3350000
0.323414352,t3pa,68.76,3035500
0.365081019,t3pa,69.84,2147000
0.490081019,t3pa,67.82,3035500
0.531747685,t3pa,66.72,3035500
0.615081019,t3pa,68.45,3035500
0.656747685,t3pa,66.6,2151000
0.781747685,t3pa,66.49,3041500
0.64912037,t3pa,63.5,3099500
0.690787037,t3pa,63.2,3099500
0.732453704,t3pa,62.96,2310000
0.77412037,t3pa,61.28,3099500
0.815787037,t3pa,61.93,1796000
0.940787037,t3pa,59.74,3099500
0.982453704,t3pa,60.55,3099500
25.01.2024,t3pa,61.95,3099500
26.01.2024,t3pa,61.95,1796000
29.01.2024,t3pa,60.81,3099500
30.01.2024,t3pa,59.82,3099500
31.01.2024,t3pa,62.27,2310000
0.066481481,t3pa,61.09,3099500
0.108148148,t3pa,60.92,1796000
0.233148148,t3pa,60.68,3099500
0.274814815,t3pa,60.25,3099500
0.358148148,t3pa,59.85,3099500
0.399814815,t3pa,57.24,1796000
0.524814815,t3pa,55.84,3099500
0.566481481,t3pa,54.24,3099500
0.608148148,t3pa,54.07,2310000
0.649814815,t3pa,54.87,3099500
0.691481481,t3pa,55.12,1796000
0.816481481,t3pa,53,3099500
0.858148148,t3pa,51.8,3099500
0.941481481,t3pa,51.55,3099500
0.983148148,t3pa,49.5,1796000
26.02.2024,t3pa,50.65,3099500
27.02.2024,t3pa,51.12,3099500
28.02.2024,t3pa,54.94,2310000
29.02.2024,t3pa,54.9,3099500
0.067175926,t3pa,53.6,1796000
0.192175926,t3pa,51.76,3099500
0.233842593,t3pa,59.14,3099500
0.317175926,t3pa,56.94,3099500
0.358842593,t3pa,57.1,1796000
0.483842593,t3pa,54.43,3099500
0.525509259,t3pa,54.21,3099500
0.567175926,t3pa,54.92,2310000
0.608842593,t3pa,54.25,3099500
0.650509259,t3pa,57.75,1796000
0.775509259,t3pa,59.42,3099500
0.817175926,t3pa,59,3099500
0.900509259,t3pa,58,3104500
0.942175926,t3pa,57.93,1796000
25.03.2024,t3pa,62.09,3099500
26.03.2024,t3pa,63.25,3099500
27.03.2024,t3pa,60.56,2310000
28.03.2024,t3pa,59.86,3099500
0.109537037,t3pa,57.07,3099500
0.19287037,t3pa,56.37,3099500
0.234537037,t3pa,57.17,1796000
0.359537037,t3pa,58.41,3099500
0.401203704,t3pa,61.3,3099500
0.44287037,t3pa,63,2310000
0.484537037,t3pa,63.42,3099500
0.526203704,t3pa,68.01,1796000
0.651203704,t3pa,68.17,3099500
0.69287037,t3pa,70.61,3099500
0.776203704,t3pa,67.15,3099500
0.81787037,t3pa,67.77,1796000
0.94287037,t3pa,65.1,3099500
0.984537037,t3pa,64.28,3099500
24.04.2024,t3pa,65.35,2310000
25.04.2024,t3pa,65.08,3099500
26.04.2024,t3pa,65.66,1796000
29.04.2024,t3pa,63.52,3099500
30.04.2024,t3pa,65.26,3099500
0.110231481,t3pa,68.1,3099500
0.151898148,t3pa,71.18,1796000
0.276898148,t3pa,70.3,3099500
0.318564815,t3pa,69.16,3099500
0.360231481,t3pa,68.99,2310000
0.568564815,t3pa,68.48,3099500
0.610231481,t3pa,67.67,3099500
0.693564815,t3pa,68.26,3099500
0.735231481,t3pa,69.46,1796000
0.860231481,t3pa,71.24,3099500
0.901898148,t3pa,71.8,3099500
0.943564815,t3pa,74.31,2310000
0.985231481,t3pa,74.9,3099500
24.05.2024,t3pa,72.8,1796000
28.05.2024,t3pa,72.9,3099500
30.05.2024,t3pa,72,3099500
31.05.2024,t3pa,74.49,1796000
0.152592593,t3pa,75.35,3099500
0.194259259,t3pa,71.5,3099500
0.235925926,t3pa,70.3,2310000
0.277592593,t3pa,71,3099500
0.319259259,t3pa,69.9,1796000
0.444259259,t3pa,67.82,3099500
0.485925926,t3pa,70.31,3099500
0.569259259,t3pa,69.77,3099500
0.610925926,t3pa,68.41,1796000
0.735925926,t3pa,66.66,3099500
0.777592593,t3pa,66.97,3099500
0.819259259,t3pa,67.75,2310000
0.860925926,t3pa,68.61,3104000
0.902592593,t3pa,67.36,1796000
24.06.2024,t3pa,66.06,3099500
25.06.2024,t3pa,65.94,3099500
27.06.2024,t3pa,66.17,3099500
28.06.2024,t3pa,65.01,1796000
0.069953704,t3pa,67.83,3099500
0.11162037,t3pa,66.71,3099500
0.153287037,t3pa,68.84,2310000
0.194953704,t3pa,68.71,3099500
0.23662037,t3pa,68.68,1796000
0.36162037,t3pa,70,3099500
0.403287037,t3pa,66.87,3099500
0.48662037,t3pa,66.72,3099500
0.528287037,t3pa,67.06,1796000
0.653287037,t3pa,66.63,3099500
0.694953704,t3pa,66.16,3099500
0.73662037,t3pa,66.66,2310000
0.778287037,t3pa,64.96,3099500
0.819953704,t3pa,64.73,1796000
0.944953704,t3pa,64.37,3099500
0.98662037,t3pa,63.67,3099500
25.07.2024,t3pa,66.71,3099500
26.07.2024,t3pa,66.33,1796000
29.07.2024,t3pa,67.17,3099500
30.07.2024,t3pa,66.55,3099500
31.07.2024,t3pa,67.85,2310000
0.070648148,t3pa,68.07,3099500
0.112314815,t3pa,69.76,1796000
0.237314815,t3pa,67.02,3099500
0.278981481,t3pa,68.65,3099500
0.362314815,t3pa,68.9,3099500
0.403981481,t3pa,70.46,1796000
0.528981481,t3pa,71.15,3099500
0.570648148,t3pa,70.82,3099500
0.612314815,t3pa,70.59,2310000
0.653981481,t3pa,69.85,3099500
0.695648148,t3pa,71,1796000
0.820648148,t3pa,71.5,3099500
0.862314815,t3pa,72.4,3099500
0.945648148,t3pa,71.02,3099500
0.987314815,t3pa,70.73,1796000
26.08.2024,t3pa,69.28,3099500
27.08.2024,t3pa,70.17,3099500
28.08.2024,t3pa,70.39,2313500
29.08.2024,t3pa,69.5,3125000
30.08.2024,t3pa,70.07,1810000
0.113009259,t3pa,69.3,3287500
0.154675926,t3pa,68.56,3287500
0.238009259,t3pa,65.99,3287500
0.279675926,t3pa,67,1886500
0.404675926,t3pa,65.75,3287500
0.446342593,t3pa,65.83,3287500
0.488009259,t3pa,64.75,2833500
0.529675926,t3pa,65.1,3287500
0.571342593,t3pa,64.89,1886500
0.696342593,t3pa,64.94,3287500
0.738009259,t3pa,62.71,3287500
0.821342593,t3pa,63.56,3290500
0.863009259,t3pa,63.18,1886500
0.988009259,t3pa,64,3287500
24.09.2024,t3pa,63.91,3287500
25.09.2024,t3pa,63.55,2833500
26.09.2024,t3pa,63.88,3287500
27.09.2024,t3pa,65.45,1886500
30.09.2024,t3pa,65.69,3287500
0.072037037,t3pa,63.19,3287500
0.113703704,t3pa,62.89,926500
0.15537037,t3pa,62.02,3287500
0.197037037,t3pa,61.03,1886500
0.322037037,t3pa,60.15,3287500
0.363703704,t3pa,59.85,3287500
0.40537037,t3pa,61.18,2833500
0.447037037,t3pa,63.3,3287500
0.488703704,t3pa,63.71,1886500
0.613703704,t3pa,65,3287500
0.65537037,t3pa,64.08,3287500
0.738703704,t3pa,63.1,3287500
0.78037037,t3pa,61.9,1886500
0.90537037,t3pa,62.3,3287500
0.947037037,t3pa,61.22,3287500
0.988703704,t3pa,63.75,2833500
24.10.2024,t3pa,64.6,3287500
25.10.2024,t3pa,66.32,1886500
28.10.2024,t3pa,64.38,3287500
29.10.2024,t3pa,66.42,3287500
31.10.2024,t3pa,64.78,3287500
0.072731481,t3pa,64.46,1886500
0.197731481,t3pa,64.68,3287500
0.239398148,t3pa,65.06,3287500
0.281064815,t3pa,62.94,2833500
0.322731481,t3pa,65.35,3287500
0.364398148,t3pa,66.2,1886500
0.489398148,t3pa,67.6,3287500
0.531064815,t3pa,65.92,3287500
0.614398148,t3pa,67.15,3287500
0.656064815,t3pa,66.78,1886500
0.781064815,t3pa,67.7,3287500
0.822731481,t3pa,69.05,3287500
0.864398148,t3pa,68.02,2833500
0.906064815,t3pa,68.79,3287500
0.947731481,t3pa,69.71,1886500
25.11.2024,t3pa,69.32,3287500
26.11.2024,t3pa,69.37,3287500
28.11.2024,t3pa,67.91,3287500
29.11.2024,t3pa,67.3,1886500
0.115092593,t3pa,69.4,3287500
0.156759259,t3pa,68.12,3287500
0.198425926,t3pa,67.42,2833500
0.240092593,t3pa,67.62,3287500
0.281759259,t3pa,67.25,1886500
0.406759259,t3pa,67.7,3287500
0.448425926,t3pa,67,3287500
0.531759259,t3pa,67.95,3287500
0.573425926,t3pa,66.07,1890500
0.698425926,t3pa,63.64,3248000
